audio_file|text|speaker_name
wavs/Your Catgirl Wants To Talk More Than Being A Pet - Catgirl x Listener ASMR Roleplay F4A_00000000.wav|master, may i ask you something?|coqui
wavs/Your Catgirl Wants To Talk More Than Being A Pet - Catgirl x Listener ASMR Roleplay F4A_00000001.wav|i know i can ask you anything, but...|coqui
wavs/Your Catgirl Wants To Talk More Than Being A Pet - Catgirl x Listener ASMR Roleplay F4A_00000002.wav|this is a little different kind of question, and it makes me a little afraid of bringing it up, you know?|coqui
wavs/Your Catgirl Wants To Talk More Than Being A Pet - Catgirl x Listener ASMR Roleplay F4A_00000003.wav|well, i'm afraid to ask because there are some things that, once you say them out loud, they can't ever be forgotten or overlooked, and your life can't ever be exactly the same after that.|coqui
wavs/Your Catgirl Wants To Talk More Than Being A Pet - Catgirl x Listener ASMR Roleplay F4A_00000004.wav|and i'd rather have both my ears cut off than to lose this beautiful life and home you've given me.|coqui
wavs/Your Catgirl Wants To Talk More Than Being A Pet - Catgirl x Listener ASMR Roleplay F4A_00000006.wav|you're willing to promise me nothing will change even before i tell you what it is.|coqui
wavs/Your Catgirl Wants To Talk More Than Being A Pet - Catgirl x Listener ASMR Roleplay F4A_00000007.wav|i think it says a lot about how much you care about me, but this could be...|coqui
wavs/Your Catgirl Wants To Talk More Than Being A Pet - Catgirl x Listener ASMR Roleplay F4A_00000008.wav|difficult.|coqui
wavs/Your Catgirl Wants To Talk More Than Being A Pet - Catgirl x Listener ASMR Roleplay F4A_00000009.wav|i'm not sure how i want it to go, but i also think i can't keep this inside anymore.|coqui
wavs/Your Catgirl Wants To Talk More Than Being A Pet - Catgirl x Listener ASMR Roleplay F4A_00000010.wav|i need to talk about it, and there is no one else i can talk to about it.|coqui
wavs/Your Catgirl Wants To Talk More Than Being A Pet - Catgirl x Listener ASMR Roleplay F4A_00000011.wav|master, have you ever thought of me?|coqui
wavs/Your Catgirl Wants To Talk More Than Being A Pet - Catgirl x Listener ASMR Roleplay F4A_00000012.wav|is it possible?|coqui
wavs/Your Catgirl Wants To Talk More Than Being A Pet - Catgirl x Listener ASMR Roleplay F4A_00000013.wav|could i ever be...|coqui
wavs/Your Catgirl Wants To Talk More Than Being A Pet - Catgirl x Listener ASMR Roleplay F4A_00000014.wav|something more to you than a pet?|coqui
wavs/Your Catgirl Wants To Talk More Than Being A Pet - Catgirl x Listener ASMR Roleplay F4A_00000015.wav|oh, well, yes!|coqui
wavs/Your Catgirl Wants To Talk More Than Being A Pet - Catgirl x Listener ASMR Roleplay F4A_00000016.wav|i'm a little shocked that you wondered about it too, and it also fills my heart with more love for you, if that is even possible.|coqui
wavs/Your Catgirl Wants To Talk More Than Being A Pet - Catgirl x Listener ASMR Roleplay F4A_00000017.wav|but yeah, i've been having dreams about us being like a, well, you know, a regular human couple, you know.|coqui
wavs/Your Catgirl Wants To Talk More Than Being A Pet - Catgirl x Listener ASMR Roleplay F4A_00000018.wav|you dream it too?|coqui
wavs/Your Catgirl Wants To Talk More Than Being A Pet - Catgirl x Listener ASMR Roleplay F4A_00000019.wav|oh my!|coqui
wavs/Your Catgirl Wants To Talk More Than Being A Pet - Catgirl x Listener ASMR Roleplay F4A_00000020.wav|oh, no, i don't think i'm crying, but thinking just now that we could have been asleep and dreaming the same dreams at the same time, that did make my tears want to leak out a little.|coqui
wavs/Your Catgirl Wants To Talk More Than Being A Pet - Catgirl x Listener ASMR Roleplay F4A_00000021.wav|oh, master, yes!|coqui
wavs/Your Catgirl Wants To Talk More Than Being A Pet - Catgirl x Listener ASMR Roleplay F4A_00000022.wav|i do wish it could be more than just a dream, but can it really?|coqui
wavs/Your Catgirl Wants To Talk More Than Being A Pet - Catgirl x Listener ASMR Roleplay F4A_00000023.wav|master, i'm afraid you haven't thought about this as hard as i have.|coqui
wavs/Your Catgirl Wants To Talk More Than Being A Pet - Catgirl x Listener ASMR Roleplay F4A_00000024.wav|it can't be as simple as both of us wanting it.|coqui
wavs/Your Catgirl Wants To Talk More Than Being A Pet - Catgirl x Listener ASMR Roleplay F4A_00000025.wav|a fantasy is what it seems like, isn't it?|coqui
wavs/Your Catgirl Wants To Talk More Than Being A Pet - Catgirl x Listener ASMR Roleplay F4A_00000026.wav|i mean, we live in a world as it is, with other people as they are.|coqui
wavs/Your Catgirl Wants To Talk More Than Being A Pet - Catgirl x Listener ASMR Roleplay F4A_00000027.wav|to be happy, sometimes you have to fit into the world somehow, and i'm not sure that we could fit in, being together like that, not outside our home right here.|coqui
wavs/Your Catgirl Wants To Talk More Than Being A Pet - Catgirl x Listener ASMR Roleplay F4A_00000028.wav|but it would be such a risk to you, to your reputation, to be seen going out on dates with an animal.|coqui
wavs/Your Catgirl Wants To Talk More Than Being A Pet - Catgirl x Listener ASMR Roleplay F4A_00000029.wav|huh?|coqui
wavs/Your Catgirl Wants To Talk More Than Being A Pet - Catgirl x Listener ASMR Roleplay F4A_00000030.wav|but i am an animal.|coqui
wavs/Your Catgirl Wants To Talk More Than Being A Pet - Catgirl x Listener ASMR Roleplay F4A_00000031.wav|well, yes, humans are technically animals, but not in the same way.|coqui
wavs/Your Catgirl Wants To Talk More Than Being A Pet - Catgirl x Listener ASMR Roleplay F4A_00000032.wav|please don't play the word game with me.|coqui
wavs/Your Catgirl Wants To Talk More Than Being A Pet - Catgirl x Listener ASMR Roleplay F4A_00000034.wav|that's alright.|coqui
wavs/Your Catgirl Wants To Talk More Than Being A Pet - Catgirl x Listener ASMR Roleplay F4A_00000035.wav|i thought you weren't being serious.|coqui
wavs/Your Catgirl Wants To Talk More Than Being A Pet - Catgirl x Listener ASMR Roleplay F4A_00000036.wav|so, what separates humans from the rest of the animals?|coqui
wavs/Your Catgirl Wants To Talk More Than Being A Pet - Catgirl x Listener ASMR Roleplay F4A_00000037.wav|um, i don't know.|coqui
wavs/Your Catgirl Wants To Talk More Than Being A Pet - Catgirl x Listener ASMR Roleplay F4A_00000039.wav|because humans talk?|coqui
wavs/Your Catgirl Wants To Talk More Than Being A Pet - Catgirl x Listener ASMR Roleplay F4A_00000040.wav|okay, because they talk.|coqui
wavs/Your Catgirl Wants To Talk More Than Being A Pet - Catgirl x Listener ASMR Roleplay F4A_00000042.wav|okay, and because they make and use tools.|coqui
wavs/Your Catgirl Wants To Talk More Than Being A Pet - Catgirl x Listener ASMR Roleplay F4A_00000043.wav|okay.|coqui
wavs/Your Catgirl Wants To Talk More Than Being A Pet - Catgirl x Listener ASMR Roleplay F4A_00000044.wav|and they have souls?|coqui
wavs/Your Catgirl Wants To Talk More Than Being A Pet - Catgirl x Listener ASMR Roleplay F4A_00000045.wav|okay, and those are the big reasons?|coqui
wavs/Your Catgirl Wants To Talk More Than Being A Pet - Catgirl x Listener ASMR Roleplay F4A_00000046.wav|well, sure i use tools, like in the kitchen, and i talk a lot, but...|coqui
wavs/Your Catgirl Wants To Talk More Than Being A Pet - Catgirl x Listener ASMR Roleplay F4A_00000047.wav|yes, that's what i was going to say.|coqui
wavs/Your Catgirl Wants To Talk More Than Being A Pet - Catgirl x Listener ASMR Roleplay F4A_00000048.wav|and, oh master, i'm sure i don't have a soul.|coqui
wavs/Your Catgirl Wants To Talk More Than Being A Pet - Catgirl x Listener ASMR Roleplay F4A_00000049.wav|i wasn't even born.|coqui
wavs/Your Catgirl Wants To Talk More Than Being A Pet - Catgirl x Listener ASMR Roleplay F4A_00000050.wav|i was...|coqui
wavs/Your Catgirl Wants To Talk More Than Being A Pet - Catgirl x Listener ASMR Roleplay F4A_00000051.wav|made.|coqui
wavs/Your Catgirl Wants To Talk More Than Being A Pet - Catgirl x Listener ASMR Roleplay F4A_00000052.wav|huh?|coqui
wavs/Your Catgirl Wants To Talk More Than Being A Pet - Catgirl x Listener ASMR Roleplay F4A_00000053.wav|you really think there are actual human people who don't have souls?|coqui
wavs/Your Catgirl Wants To Talk More Than Being A Pet - Catgirl x Listener ASMR Roleplay F4A_00000054.wav|are...|coqui
wavs/Your Catgirl Wants To Talk More Than Being A Pet - Catgirl x Listener ASMR Roleplay F4A_00000056.wav|i see.|coqui
wavs/Your Catgirl Wants To Talk More Than Being A Pet - Catgirl x Listener ASMR Roleplay F4A_00000057.wav|so, the idea about souls, it may not be the truthful divider between animals and humans.|coqui
wavs/Your Catgirl Wants To Talk More Than Being A Pet - Catgirl x Listener ASMR Roleplay F4A_00000059.wav|master, it's so funny.|coqui
wavs/Your Catgirl Wants To Talk More Than Being A Pet - Catgirl x Listener ASMR Roleplay F4A_00000060.wav|humans with accessories.|coqui
wavs/Your Catgirl Wants To Talk More Than Being A Pet - Catgirl x Listener ASMR Roleplay F4A_00000061.wav|well, i do have a tail.|coqui
wavs/Your Catgirl Wants To Talk More Than Being A Pet - Catgirl x Listener ASMR Roleplay F4A_00000062.wav|okay, yes, and nicer looking ears than yours.|coqui
wavs/Your Catgirl Wants To Talk More Than Being A Pet - Catgirl x Listener ASMR Roleplay F4A_00000063.wav|oh, no, no, no, never change your ears.|coqui
wavs/Your Catgirl Wants To Talk More Than Being A Pet - Catgirl x Listener ASMR Roleplay F4A_00000065.wav|ears like mine are cute, but i think they just don't fit your personality.|coqui
wavs/Your Catgirl Wants To Talk More Than Being A Pet - Catgirl x Listener ASMR Roleplay F4A_00000066.wav|okay, but seriously now, even if you think of me just a different looking human, not everyone will think that, will they?|coqui
wavs/Your Catgirl Wants To Talk More Than Being A Pet - Catgirl x Listener ASMR Roleplay F4A_00000067.wav|how many do you think?|coqui
wavs/Your Catgirl Wants To Talk More Than Being A Pet - Catgirl x Listener ASMR Roleplay F4A_00000068.wav|so, if we do go out together like two humans who are dating, people will look at us and judge you anyway, won't they?|coqui
wavs/Your Catgirl Wants To Talk More Than Being A Pet - Catgirl x Listener ASMR Roleplay F4A_00000069.wav|they won't believe in us, and they'll shame you because they'll see a real human and just an animal.|coqui
wavs/Your Catgirl Wants To Talk More Than Being A Pet - Catgirl x Listener ASMR Roleplay F4A_00000070.wav|yes, master, i promise to try to stop saying i'm just an animal, but it won't be easy, so please don't be angry with me if i do it again.|coqui
wavs/Your Catgirl Wants To Talk More Than Being A Pet - Catgirl x Listener ASMR Roleplay F4A_00000071.wav|no, not the master word, too.|coqui
wavs/Your Catgirl Wants To Talk More Than Being A Pet - Catgirl x Listener ASMR Roleplay F4A_00000072.wav|please, i like calling you master.|coqui
wavs/Your Catgirl Wants To Talk More Than Being A Pet - Catgirl x Listener ASMR Roleplay F4A_00000074.wav|i don't think it's demeaning to want to belong to you.|coqui
wavs/Your Catgirl Wants To Talk More Than Being A Pet - Catgirl x Listener ASMR Roleplay F4A_00000076.wav|it's what i am, and there are even real humans, i mean humans like you, who want to be submissive and owned, aren't they?|coqui
wavs/Your Catgirl Wants To Talk More Than Being A Pet - Catgirl x Listener ASMR Roleplay F4A_00000077.wav|so, should they be ashamed of what their feelings are?|coqui
wavs/Your Catgirl Wants To Talk More Than Being A Pet - Catgirl x Listener ASMR Roleplay F4A_00000078.wav|alright then, i'm not ashamed of how i feel either.|coqui
wavs/Your Catgirl Wants To Talk More Than Being A Pet - Catgirl x Listener ASMR Roleplay F4A_00000079.wav|i understand your feelings about me always calling you master, i do, but you must understand this.|coqui
wavs/Your Catgirl Wants To Talk More Than Being A Pet - Catgirl x Listener ASMR Roleplay F4A_00000080.wav|to me, master is a word that means that i care for, it means i'm safe and warm and comfortable, and i'm cherished.|coqui
wavs/Your Catgirl Wants To Talk More Than Being A Pet - Catgirl x Listener ASMR Roleplay F4A_00000081.wav|it's a word that means, it means i'm loved.|coqui
wavs/Your Catgirl Wants To Talk More Than Being A Pet - Catgirl x Listener ASMR Roleplay F4A_00000082.wav|no, i suppose you wouldn't have thought of it like that at all, because you're not someone who wants to be owned like the other humans do.|coqui
wavs/Your Catgirl Wants To Talk More Than Being A Pet - Catgirl x Listener ASMR Roleplay F4A_00000083.wav|huh?|coqui
wavs/Your Catgirl Wants To Talk More Than Being A Pet - Catgirl x Listener ASMR Roleplay F4A_00000084.wav|oh, owning your heart, that's not the same thing, you're teasing, i mean you wouldn't want me to pull a collar and leash on you.|coqui
wavs/Your Catgirl Wants To Talk More Than Being A Pet - Catgirl x Listener ASMR Roleplay F4A_00000086.wav|thank you, maybe i'll change my mind sometime though.|coqui
wavs/Your Catgirl Wants To Talk More Than Being A Pet - Catgirl x Listener ASMR Roleplay F4A_00000087.wav|so, okay, i promise not to call you master when we're in public, but you have to let me still call you master whenever i want when we're at home, okay?|coqui
wavs/Your Catgirl Wants To Talk More Than Being A Pet - Catgirl x Listener ASMR Roleplay F4A_00000088.wav|get ready for what?|coqui
wavs/Your Catgirl Wants To Talk More Than Being A Pet - Catgirl x Listener ASMR Roleplay F4A_00000089.wav|going out?|coqui
wavs/Your Catgirl Wants To Talk More Than Being A Pet - Catgirl x Listener ASMR Roleplay F4A_00000091.wav|to a movie?|coqui
wavs/Your Catgirl Wants To Talk More Than Being A Pet - Catgirl x Listener ASMR Roleplay F4A_00000092.wav|we never- oh, master, thank you, this will be so much fun, i'll put on my best collar and my new leash.|coqui
wavs/Your Catgirl Wants To Talk More Than Being A Pet - Catgirl x Listener ASMR Roleplay F4A_00000093.wav|huh?|coqui
wavs/Your Catgirl Wants To Talk More Than Being A Pet - Catgirl x Listener ASMR Roleplay F4A_00000095.wav|master, i never- what if i get lost?|coqui
wavs/Your Catgirl Wants To Talk More Than Being A Pet - Catgirl x Listener ASMR Roleplay F4A_00000098.wav|oh.|coqui
wavs/Your Catgirl Wants To Talk More Than Being A Pet - Catgirl x Listener ASMR Roleplay F4A_00000099.wav|yes, master, but i won't have to just act proud, i will hold my head up high and be proud, and i'll smile at everyone, because of my master, the best in the whole world.|coqui
wavs/Your Catgirl Wants To Talk More Than Being A Pet - Catgirl x Listener ASMR Roleplay F4A_00000100.wav|it hardly seems like a whole year since we started going out together like this, and now i see a lot of others like me walking with their families with no leashes.|coqui
wavs/Your Catgirl Wants To Talk More Than Being A Pet - Catgirl x Listener ASMR Roleplay F4A_00000101.wav|it's the ones who use the leashes that get the funny looks now, huh?|coqui
wavs/Your Catgirl Wants To Talk More Than Being A Pet - Catgirl x Listener ASMR Roleplay F4A_00000102.wav|i like to think that we helped start that too, that all anyone really needed was a few people being different from unleashed catgirls to be accepted as normal.|coqui
wavs/Your Catgirl Wants To Talk More Than Being A Pet - Catgirl x Listener ASMR Roleplay F4A_00000103.wav|isn't that your boss from work over there?|coqui
wavs/Your Catgirl Wants To Talk More Than Being A Pet - Catgirl x Listener ASMR Roleplay F4A_00000105.wav|i was so afraid he would fire you from your job when he saw us out together the first time, but he's been- master, sorry, hun, something's happening over there.|coqui
wavs/Your Catgirl Wants To Talk More Than Being A Pet - Catgirl x Listener ASMR Roleplay F4A_00000107.wav|oh, no, it's- it's happy crying, he- he put a ring on her finger!|coqui
wavs/Your Catgirl Wants To Talk More Than Being A Pet - Catgirl x Listener ASMR Roleplay F4A_00000108.wav|we're not the only ones, there are others like us, others who've fallen in love!|coqui
